config,duration
combination_6,1313.6344106197357
combination_7,1947.2026207447052
